{"cameraMode":{"drawMode":0,"name":"Shaded","section":"Shading Mode"},"sceneLighting":false,"audioPlay":false,"sceneViewState":{"showFog":true,"showMaterialUpdate":false,"showSkybox":true,"showFlares":true,"showImageEffects":true,"showParticleSystems":true},"in2DMode":false,"pivot":{"x":5.221986770629883,"y":1.1948823928833008,"z":5.364377975463867},"rotation":{"x":-0.10478273779153824,"y":0.24500137567520142,"z":-0.026642827317118646,"w":-0.9634755253791809},"size":17.930572509765626,"orthographic":false}