{"cameraMode":{"drawMode":0,"name":"Shaded","section":"Shading Mode"},"sceneLighting":false,"audioPlay":false,"sceneViewState":{"showFog":true,"showMaterialUpdate":false,"showSkybox":true,"showFlares":true,"showImageEffects":true,"showParticleSystems":true},"in2DMode":false,"pivot":{"x":0.0,"y":0.41100001335144045,"z":0.722000002861023},"rotation":{"x":-0.15925471484661103,"y":0.05950266122817993,"z":-0.009614353999495507,"w":-0.9853958487510681},"size":3.508253335952759,"orthographic":false}